mean,std
48.75558391831525,14.50884674501003
2.940459476707084,15.471951313225174
4.139546904913848,0.5569815673332208
26.385238272244717,2.118787759117548
0.5351253852169114,0.09458526205207204
