mean,std
-7.501601447269564,13.598923865303357
0.013286250939143523,13.139399728515153
-19.662954644311753,13.531550981073012
0.3257325319308791,9.879430462500814
50.255049586776856,7.115764327894645
0.29786602870813395,15.097900708614858
4.322927359721619,0.4594251939760935
