mean,std
7.3268468691265225,12.959165873373397
0.00892378078939557,12.66083583454796
-19.51066261087479,12.886174838038709
0.272718040030336,9.305515282621737
39.06865186137765,15.186520336962587
1.475926237346259,16.31581455213075
43.87105549510337,13.867587982621652
26.714954660863253,2.782559857645992
4.333081247733043,0.4657657665532039
